order_id,customer_id,order_date,order_status
1,132,1/9/2024,Pending
2,22,2/13/2024,Cancelled
3,198,2/24/2025,Cancelled
4,135,6/4/2024,Pending
5,384,2/15/2024,Cancelled
6,88,11/14/2024,Pending
7,150,6/25/2024,Pending
8,57,12/9/2024,Cancelled
9,152,5/6/2025,Completed
10,396,7/14/2024,Pending
11,341,5/3/2025,Pending
12,129,3/5/2024,Pending
13,175,11/25/2024,Cancelled
14,53,1/9/2025,Completed
15,392,3/6/2024,Completed
16,102,4/25/2025,Pending
17,378,5/30/2024,Pending
18,375,2/10/2024,Pending
19,318,3/12/2025,Completed
20,325,5/5/2024,Cancelled
21,332,4/4/2025,Completed
22,119,7/27/2024,Completed
23,145,7/25/2024,Pending
24,193,6/2/2024,Completed
25,356,3/6/2024,Completed
26,146,9/3/2024,Pending
27,58,8/19/2024,Cancelled
28,147,3/31/2025,Completed
29,391,3/7/2024,Cancelled
30,35,12/13/2024,Pending
31,60,5/26/2025,Pending
32,197,8/28/2024,Pending
33,8,2/18/2024,Cancelled
34,216,10/17/2024,Cancelled
35,185,9/20/2024,Cancelled
36,244,7/28/2024,Cancelled
37,28,9/3/2024,Completed
38,190,1/2/2024,Pending
39,300,1/24/2025,Cancelled
40,236,3/21/2024,Pending
41,110,12/9/2024,Cancelled
42,147,1/13/2024,Pending
43,199,1/30/2025,Cancelled
44,110,2/6/2024,Pending
45,41,1/12/2025,Cancelled
46,195,4/13/2024,Pending
47,265,1/17/2025,Cancelled
48,219,3/20/2025,Completed
49,305,5/24/2025,Cancelled
50,98,7/26/2024,Completed
51,271,3/24/2024,Pending
52,82,8/21/2024,Completed
53,379,10/17/2024,Pending
54,211,10/26/2024,Pending
55,99,12/15/2024,Pending
56,349,2/20/2025,Pending
57,393,8/24/2024,Pending
58,266,3/28/2024,Cancelled
59,399,9/26/2024,Cancelled
60,121,6/30/2024,Cancelled
61,319,5/27/2025,Pending
62,141,9/26/2024,Pending
63,55,9/5/2024,Pending
64,201,7/8/2024,Completed
65,365,5/26/2024,Cancelled
66,158,12/11/2024,Completed
67,258,1/28/2024,Cancelled
68,86,2/26/2024,Completed
69,61,3/28/2024,Cancelled
70,289,3/5/2024,Pending
71,394,1/8/2024,Cancelled
72,185,3/7/2025,Cancelled
73,68,5/17/2024,Cancelled
74,367,6/12/2024,Pending
75,172,2/29/2024,Pending
76,223,1/26/2024,Completed
77,396,6/21/2024,Pending
78,234,5/16/2025,Cancelled
79,74,12/11/2024,Cancelled
80,80,4/30/2025,Cancelled
81,118,7/13/2024,Completed
82,260,6/17/2024,Cancelled
83,274,3/2/2025,Completed
84,125,1/4/2025,Cancelled
85,398,6/21/2024,Pending
86,3,12/25/2024,Cancelled
87,69,7/9/2024,Completed
88,268,3/4/2025,Cancelled
89,197,6/22/2024,Cancelled
90,251,9/8/2024,Cancelled
91,323,5/18/2025,Cancelled
92,134,5/29/2024,Cancelled
93,269,2/3/2025,Pending
94,148,11/10/2024,Pending
95,317,7/30/2024,Pending
96,156,9/19/2024,Pending
97,115,2/26/2025,Cancelled
98,337,9/2/2024,Completed
99,369,2/9/2025,Pending
100,109,11/27/2024,Cancelled
101,204,4/11/2024,Pending
102,260,6/20/2024,Pending
103,124,12/19/2024,Pending
104,238,10/1/2024,Cancelled
105,390,10/16/2024,Completed
106,365,5/17/2025,Completed
107,127,3/19/2025,Completed
108,199,2/17/2024,Pending
109,16,5/29/2024,Cancelled
110,161,11/23/2024,Cancelled
111,392,1/18/2025,Pending
112,90,1/22/2025,Cancelled
113,118,8/1/2024,Pending
114,131,10/12/2024,Pending
115,294,10/5/2024,Completed
116,359,8/3/2024,Cancelled
117,191,10/11/2024,Pending
118,149,1/15/2025,Cancelled
119,195,12/30/2024,Cancelled
120,124,2/7/2024,Completed
121,91,4/5/2025,Pending
122,51,5/19/2025,Cancelled
123,32,8/30/2024,Completed
124,69,9/20/2024,Pending
125,172,3/25/2025,Cancelled
126,328,5/3/2024,Completed
127,158,9/30/2024,Cancelled
128,304,2/2/2024,Completed
129,288,11/2/2024,Completed
130,127,5/2/2025,Cancelled
131,222,12/19/2024,Completed
132,40,2/8/2025,Completed
133,339,1/13/2025,Cancelled
134,104,4/3/2024,Completed
135,279,3/25/2025,Pending
136,108,3/17/2024,Pending
137,374,2/9/2024,Completed
138,378,8/1/2024,Cancelled
139,298,8/31/2024,Completed
140,191,7/30/2024,Pending
141,315,4/24/2024,Cancelled
142,127,7/28/2024,Cancelled
143,307,12/31/2024,Cancelled
144,211,1/27/2024,Cancelled
145,94,3/6/2024,Completed
146,273,2/9/2024,Completed
147,154,2/26/2025,Cancelled
148,375,5/6/2025,Cancelled
149,48,2/13/2024,Completed
150,304,9/27/2024,Pending
151,67,1/9/2025,Completed
152,10,1/23/2024,Cancelled
153,266,5/27/2024,Pending
154,367,8/15/2024,Pending
155,351,5/16/2024,Pending
156,213,5/21/2025,Cancelled
157,177,3/30/2025,Cancelled
158,291,10/13/2024,Cancelled
159,170,7/22/2024,Cancelled
160,324,9/13/2024,Completed
161,284,1/20/2025,Cancelled
162,327,5/28/2025,Cancelled
163,397,9/27/2024,Cancelled
164,200,10/4/2024,Completed
165,209,6/28/2024,Pending
166,356,12/8/2024,Pending
167,346,6/18/2024,Completed
168,359,5/16/2024,Pending
169,263,12/24/2024,Cancelled
170,204,5/13/2025,Completed
171,345,2/4/2025,Cancelled
172,74,1/22/2025,Pending
173,100,2/1/2025,Pending
174,360,5/29/2025,Completed
175,242,2/19/2024,Completed
176,266,1/9/2024,Completed
177,114,4/1/2024,Pending
178,39,5/16/2025,Pending
179,123,4/16/2025,Pending
180,95,5/17/2024,Completed
181,62,6/28/2024,Cancelled
182,192,8/13/2024,Cancelled
183,320,6/9/2024,Cancelled
184,176,10/17/2024,Cancelled
185,159,5/6/2025,Completed
186,271,1/27/2024,Cancelled
187,224,3/19/2024,Pending
188,255,3/31/2025,Completed
189,171,6/30/2024,Pending
190,180,3/19/2025,Completed
191,24,9/23/2024,Cancelled
192,383,4/16/2024,Completed
193,78,3/11/2024,Cancelled
194,306,2/10/2024,Cancelled
195,299,11/2/2024,Completed
196,333,6/14/2024,Pending
197,322,1/10/2025,Cancelled
198,60,12/7/2024,Cancelled
199,267,9/20/2024,Cancelled
200,307,3/7/2024,Pending
201,99,5/24/2024,Pending
202,298,5/11/2025,Completed
203,55,4/27/2024,Cancelled
204,165,5/12/2025,Cancelled
205,394,4/25/2024,Completed
206,239,1/17/2025,Cancelled
207,281,10/3/2024,Cancelled
208,89,2/9/2025,Cancelled
209,241,3/20/2024,Cancelled
210,172,8/5/2024,Cancelled
211,250,5/30/2025,Completed
212,175,2/20/2025,Pending
213,245,2/20/2024,Completed
214,251,4/8/2025,Completed
215,251,1/23/2025,Completed
216,296,5/20/2024,Cancelled
217,336,1/8/2025,Pending
218,387,4/1/2024,Completed
219,238,5/20/2025,Completed
220,328,5/25/2025,Cancelled
221,264,6/8/2024,Completed
222,285,7/25/2024,Cancelled
223,208,2/7/2025,Completed
224,366,3/10/2025,Cancelled
225,43,8/27/2024,Completed
226,273,11/26/2024,Pending
227,131,6/1/2025,Completed
228,368,7/19/2024,Pending
229,165,3/23/2024,Cancelled
230,68,3/16/2025,Completed
231,89,5/8/2024,Completed
232,250,2/11/2025,Completed
233,44,11/3/2024,Completed
234,107,5/20/2025,Cancelled
235,291,1/27/2024,Cancelled
236,273,8/5/2024,Completed
237,231,2/3/2024,Completed
238,193,10/16/2024,Completed
239,118,11/16/2024,Cancelled
240,334,3/24/2025,Cancelled
241,215,3/11/2025,Cancelled
242,142,4/9/2025,Pending
243,147,4/25/2024,Cancelled
244,290,3/9/2025,Cancelled
245,296,2/23/2025,Completed
246,118,1/4/2025,Pending
247,35,4/28/2025,Cancelled
248,34,3/25/2025,Completed
249,369,4/13/2024,Pending
250,75,9/3/2024,Pending
251,378,5/3/2025,Cancelled
252,153,10/18/2024,Cancelled
253,195,4/9/2025,Completed
254,343,12/23/2024,Completed
255,233,6/13/2024,Cancelled
256,46,7/3/2024,Pending
257,27,5/28/2024,Completed
258,142,7/16/2024,Pending
259,145,1/28/2024,Completed
260,355,3/1/2025,Cancelled
261,217,1/21/2025,Pending
262,18,7/12/2024,Completed
263,61,5/7/2024,Pending
264,279,11/28/2024,Completed
265,278,4/3/2025,Completed
266,316,6/17/2024,Completed
267,321,3/15/2025,Completed
268,245,11/9/2024,Cancelled
269,125,5/16/2025,Completed
270,130,8/12/2024,Cancelled
271,205,1/14/2024,Completed
272,337,8/1/2024,Completed
273,219,1/29/2025,Cancelled
274,187,11/1/2024,Cancelled
275,236,6/25/2024,Completed
276,249,2/24/2025,Completed
277,156,5/21/2025,Completed
278,141,1/13/2025,Cancelled
279,354,11/23/2024,Cancelled
280,44,4/20/2025,Pending
281,358,3/1/2025,Cancelled
282,312,1/21/2025,Completed
283,356,3/25/2025,Completed
284,343,11/15/2024,Pending
285,382,7/6/2024,Pending
286,294,1/25/2024,Pending
287,230,3/1/2024,Cancelled
288,276,2/15/2025,Completed
289,139,6/25/2024,Pending
290,266,1/30/2024,Cancelled
291,41,3/23/2025,Cancelled
292,11,12/18/2024,Pending
293,38,3/22/2025,Cancelled
294,305,7/20/2024,Pending
295,346,4/16/2024,Pending
296,83,6/7/2024,Completed
297,333,6/29/2024,Completed
298,261,1/7/2024,Completed
299,7,2/6/2024,Completed
300,2,2/1/2024,Cancelled
301,352,9/7/2024,Pending
302,266,6/22/2024,Pending
303,366,9/26/2024,Completed
304,261,11/18/2024,Pending
305,29,3/8/2025,Pending
306,207,1/9/2025,Completed
307,43,12/15/2024,Pending
308,387,11/26/2024,Completed
309,242,5/17/2025,Pending
310,77,11/30/2024,Completed
311,74,2/28/2024,Completed
312,279,11/3/2024,Completed
313,380,8/23/2024,Completed
314,225,11/13/2024,Completed
315,71,6/4/2024,Cancelled
316,168,3/18/2024,Cancelled
317,29,11/4/2024,Cancelled
318,320,2/12/2025,Cancelled
319,99,11/15/2024,Pending
320,245,5/2/2024,Pending
321,80,10/12/2024,Completed
322,46,4/15/2025,Pending
323,399,3/24/2024,Pending
324,360,10/30/2024,Cancelled
325,162,10/6/2024,Completed
326,290,4/7/2025,Completed
327,362,3/30/2024,Cancelled
328,306,2/24/2024,Completed
329,355,9/11/2024,Completed
330,321,9/23/2024,Pending
331,306,4/6/2024,Completed
332,243,9/8/2024,Cancelled
333,82,5/4/2024,Pending
334,341,1/30/2025,Pending
335,174,9/2/2024,Completed
336,263,5/27/2024,Cancelled
337,38,5/9/2025,Completed
338,270,8/13/2024,Pending
339,305,3/7/2025,Pending
340,383,11/4/2024,Pending
341,292,8/28/2024,Cancelled
342,25,1/5/2024,Cancelled
343,355,3/6/2024,Completed
344,338,4/14/2024,Cancelled
345,368,9/29/2024,Completed
346,131,8/14/2024,Completed
347,246,8/8/2024,Completed
348,294,4/18/2025,Cancelled
349,369,5/12/2024,Pending
350,240,3/18/2025,Completed
351,137,5/17/2025,Cancelled
352,140,3/12/2025,Completed
353,273,5/18/2024,Completed
354,156,4/11/2024,Completed
355,231,4/28/2024,Cancelled
356,167,9/19/2024,Cancelled
357,64,3/25/2025,Cancelled
358,316,5/23/2024,Cancelled
359,60,3/24/2024,Completed
360,349,5/20/2024,Cancelled
361,360,9/10/2024,Completed
362,389,6/13/2024,Cancelled
363,249,2/22/2024,Completed
364,247,11/29/2024,Completed
365,20,2/15/2025,Completed
366,196,4/2/2025,Pending
367,95,4/26/2024,Cancelled
368,56,10/24/2024,Pending
369,226,1/28/2024,Pending
370,332,11/13/2024,Pending
371,148,8/25/2024,Pending
372,200,9/20/2024,Cancelled
373,187,2/9/2025,Pending
374,338,9/15/2024,Cancelled
375,315,1/20/2024,Cancelled
376,18,9/2/2024,Pending
377,350,8/1/2024,Completed
378,63,1/30/2024,Completed
379,263,6/27/2024,Cancelled
380,301,5/10/2024,Pending
381,379,2/7/2024,Pending
382,187,12/5/2024,Pending
383,16,12/25/2024,Cancelled
384,333,3/1/2025,Pending
385,140,4/1/2025,Pending
386,30,3/15/2024,Completed
387,259,4/24/2024,Cancelled
388,366,5/30/2025,Pending
389,65,3/4/2025,Completed
390,290,3/18/2024,Pending
391,181,5/16/2024,Completed
392,276,1/11/2025,Completed
393,322,7/31/2024,Pending
394,390,1/1/2025,Cancelled
395,93,5/16/2025,Completed
396,371,12/11/2024,Cancelled
397,48,3/28/2025,Cancelled
398,288,1/17/2024,Pending
399,21,12/5/2024,Cancelled
400,259,5/30/2025,Completed
401,189,1/10/2024,Completed
402,375,4/25/2025,Pending
403,169,1/7/2025,Cancelled
404,78,11/7/2024,Completed
405,216,11/22/2024,Completed
406,166,1/6/2024,Cancelled
407,328,2/22/2024,Cancelled
408,133,6/27/2024,Pending
409,144,7/11/2024,Cancelled
410,93,5/5/2024,Pending
411,256,3/14/2024,Pending
412,352,5/10/2025,Completed
413,295,4/22/2024,Cancelled
414,285,8/5/2024,Cancelled
415,272,3/1/2025,Completed
416,123,9/28/2024,Cancelled
417,311,11/28/2024,Cancelled
418,113,12/28/2024,Completed
419,22,4/25/2024,Pending
420,207,12/8/2024,Pending
421,245,5/28/2025,Cancelled
422,84,9/23/2024,Pending
423,141,11/12/2024,Completed
424,225,12/16/2024,Completed
425,89,3/1/2025,Completed
426,189,4/26/2025,Cancelled
427,297,3/12/2025,Pending
428,121,5/25/2025,Completed
429,342,1/26/2024,Cancelled
430,47,11/19/2024,Completed
431,108,6/19/2024,Pending
432,278,10/13/2024,Cancelled
433,400,7/30/2024,Completed
434,164,12/22/2024,Cancelled
435,340,2/3/2024,Pending
436,279,12/18/2024,Cancelled
437,373,6/12/2024,Completed
438,104,5/12/2024,Completed
439,78,7/11/2024,Cancelled
440,46,1/22/2025,Pending
441,266,11/28/2024,Cancelled
442,55,4/8/2025,Cancelled
443,8,6/28/2024,Cancelled
444,37,12/1/2024,Cancelled
445,264,6/21/2024,Cancelled
446,308,9/26/2024,Completed
447,61,4/27/2024,Cancelled
448,148,3/15/2024,Completed
449,369,4/5/2024,Completed
450,89,4/15/2024,Completed
451,104,1/2/2025,Cancelled
452,131,1/8/2024,Cancelled
453,300,12/22/2024,Cancelled
454,319,11/10/2024,Pending
455,142,2/11/2024,Cancelled
456,40,10/15/2024,Completed
457,301,5/3/2025,Completed
458,341,5/1/2025,Completed
459,329,8/6/2024,Cancelled
460,162,10/17/2024,Completed
461,13,9/11/2024,Pending
462,304,7/18/2024,Cancelled
463,73,3/11/2025,Pending
464,88,4/5/2024,Completed
465,181,5/7/2024,Completed
466,400,2/12/2024,Pending
467,36,8/28/2024,Cancelled
468,106,6/28/2024,Cancelled
469,361,5/21/2024,Completed
470,271,5/21/2025,Cancelled
471,357,11/7/2024,Completed
472,225,2/23/2025,Pending
473,392,2/15/2024,Pending
474,330,3/8/2025,Cancelled
475,196,4/8/2024,Cancelled
476,33,10/6/2024,Cancelled
477,134,1/16/2025,Pending
478,264,3/15/2024,Completed
479,58,1/13/2025,Completed
480,44,1/16/2025,Pending
481,231,1/20/2024,Completed
482,149,4/17/2024,Pending
483,261,10/14/2024,Pending
484,226,6/25/2024,Completed
485,278,5/10/2024,Pending
486,42,4/5/2024,Completed
487,201,5/4/2024,Pending
488,242,7/3/2024,Pending
489,188,5/15/2024,Pending
490,79,2/6/2025,Pending
491,322,3/2/2024,Pending
492,364,1/4/2025,Pending
493,328,9/14/2024,Pending
494,329,12/31/2024,Pending
495,339,8/31/2024,Cancelled
496,297,1/23/2025,Pending
497,137,7/15/2024,Completed
498,268,7/18/2024,Pending
499,241,1/1/2024,Cancelled
500,374,3/31/2024,Pending
501,40,4/14/2025,Cancelled
502,182,3/9/2025,Pending
503,170,11/10/2024,Cancelled
504,132,4/4/2025,Completed
505,361,1/25/2025,Completed
506,150,12/14/2024,Cancelled
507,358,2/9/2025,Completed
508,341,10/10/2024,Cancelled
509,286,4/6/2024,Completed
510,165,5/24/2025,Pending
511,373,4/24/2025,Pending
512,206,5/23/2025,Completed
513,246,1/29/2025,Pending
514,319,8/1/2024,Pending
515,328,4/6/2025,Pending
516,142,4/2/2024,Completed
517,221,8/4/2024,Pending
518,28,5/8/2025,Pending
519,140,10/2/2024,Completed
520,285,4/6/2025,Pending
521,277,5/28/2024,Completed
522,313,2/18/2025,Cancelled
523,330,10/13/2024,Completed
524,334,9/4/2024,Cancelled
525,396,2/18/2025,Cancelled
526,33,12/10/2024,Cancelled
527,163,2/2/2025,Completed
528,16,12/29/2024,Pending
529,359,5/3/2024,Completed
530,392,1/2/2024,Pending
531,248,3/7/2024,Cancelled
532,398,7/23/2024,Cancelled
533,315,4/25/2024,Pending
534,283,1/24/2025,Completed
535,286,8/15/2024,Cancelled
536,75,5/23/2024,Pending
537,311,7/12/2024,Pending
538,128,1/19/2024,Pending
539,399,5/10/2024,Cancelled
540,147,3/4/2025,Cancelled
541,69,2/4/2024,Pending
542,112,9/25/2024,Completed
543,312,4/30/2025,Completed
544,280,1/18/2024,Completed
545,35,7/10/2024,Completed
546,195,8/15/2024,Pending
547,173,3/19/2025,Cancelled
548,43,9/11/2024,Pending
549,91,2/16/2025,Pending
550,305,4/21/2024,Cancelled
551,150,5/15/2024,Cancelled
552,363,1/22/2025,Completed
553,251,7/9/2024,Cancelled
554,345,6/23/2024,Pending
555,366,7/1/2024,Pending
556,139,9/23/2024,Completed
557,142,1/4/2024,Pending
558,330,7/6/2024,Cancelled
559,287,11/30/2024,Cancelled
560,49,3/15/2024,Cancelled
561,311,6/21/2024,Pending
562,376,2/29/2024,Pending
563,299,11/29/2024,Completed
564,40,4/16/2024,Pending
565,173,4/25/2025,Cancelled
566,279,7/13/2024,Completed
567,132,4/17/2025,Pending
568,170,10/1/2024,Pending
569,187,6/11/2024,Cancelled
570,104,9/6/2024,Pending
571,265,3/14/2025,Cancelled
572,253,4/19/2025,Cancelled
573,372,9/28/2024,Pending
574,95,6/17/2024,Cancelled
575,23,7/17/2024,Completed
576,31,11/25/2024,Completed
577,129,5/7/2025,Cancelled
578,393,1/16/2025,Pending
579,241,3/8/2025,Cancelled
580,92,12/2/2024,Cancelled
581,65,5/1/2025,Pending
582,350,5/21/2025,Cancelled
583,134,4/11/2024,Pending
584,379,10/4/2024,Completed
585,266,5/3/2024,Completed
586,337,4/5/2025,Cancelled
587,114,1/13/2025,Pending
588,309,8/1/2024,Pending
589,54,11/18/2024,Cancelled
590,362,1/9/2024,Completed
591,230,5/12/2025,Cancelled
592,252,10/23/2024,Cancelled
593,15,7/4/2024,Pending
594,291,11/11/2024,Pending
595,108,4/14/2024,Pending
596,181,7/19/2024,Cancelled
597,356,1/11/2024,Pending
598,229,5/16/2025,Cancelled
599,96,10/1/2024,Cancelled
600,206,7/15/2024,Cancelled
601,280,3/1/2024,Completed
602,66,12/7/2024,Cancelled
603,78,3/30/2024,Pending
604,387,5/16/2024,Pending
605,385,5/27/2025,Cancelled
606,164,3/20/2024,Cancelled
607,284,7/5/2024,Pending
608,374,6/2/2024,Cancelled
609,203,4/11/2024,Cancelled
610,319,2/21/2024,Completed
611,303,10/4/2024,Completed
612,19,4/20/2024,Completed
613,338,11/4/2024,Pending
614,308,4/30/2025,Cancelled
615,367,4/8/2025,Pending
616,279,9/28/2024,Cancelled
617,143,6/24/2024,Completed
618,114,6/29/2024,Cancelled
619,311,9/9/2024,Cancelled
620,118,11/27/2024,Pending
621,194,5/31/2024,Cancelled
622,68,11/15/2024,Pending
623,247,3/27/2025,Pending
624,140,4/28/2025,Completed
625,389,11/4/2024,Pending
626,31,4/30/2025,Completed
627,352,6/9/2024,Completed
628,156,5/26/2024,Pending
629,116,3/7/2025,Cancelled
630,296,6/3/2024,Cancelled
631,366,4/15/2025,Pending
632,78,11/5/2024,Pending
633,199,5/15/2024,Cancelled
634,258,3/14/2025,Pending
635,158,4/4/2024,Pending
636,200,4/20/2025,Pending
637,180,2/4/2025,Cancelled
638,323,9/4/2024,Completed
639,338,1/22/2024,Pending
640,280,5/30/2024,Cancelled
641,261,8/23/2024,Cancelled
642,104,1/18/2024,Pending
643,204,1/28/2025,Cancelled
644,372,5/21/2024,Pending
645,168,4/22/2024,Completed
646,89,2/25/2025,Completed
647,59,2/10/2025,Cancelled
648,36,9/11/2024,Cancelled
649,27,12/15/2024,Completed
650,18,5/28/2025,Pending
651,297,6/20/2024,Completed
652,400,5/11/2024,Pending
653,76,9/24/2024,Pending
654,22,4/28/2025,Completed
655,140,9/12/2024,Completed
656,170,7/4/2024,Cancelled
657,216,1/11/2024,Cancelled
658,237,4/30/2024,Completed
659,59,9/29/2024,Cancelled
660,192,4/30/2025,Completed
661,281,2/7/2025,Cancelled
662,356,5/15/2024,Pending
663,159,5/13/2024,Pending
664,141,5/16/2025,Cancelled
665,39,2/2/2025,Pending
666,363,2/22/2024,Cancelled
667,389,3/15/2024,Pending
668,101,8/9/2024,Cancelled
669,228,4/30/2024,Cancelled
670,196,1/3/2025,Pending
671,147,6/12/2024,Completed
672,43,4/25/2024,Pending
673,259,2/26/2024,Completed
674,82,1/4/2025,Cancelled
675,335,2/10/2025,Completed
676,344,5/23/2025,Completed
677,205,10/21/2024,Cancelled
678,20,2/18/2024,Pending
679,258,8/2/2024,Pending
680,157,8/13/2024,Cancelled
681,386,2/11/2024,Completed
682,72,12/17/2024,Completed
683,158,2/26/2025,Completed
684,238,2/16/2024,Completed
685,372,11/9/2024,Pending
686,379,3/13/2025,Pending
687,104,5/28/2024,Completed
688,324,5/28/2024,Completed
689,36,5/20/2025,Completed
690,110,4/27/2025,Completed
691,88,10/5/2024,Pending
692,391,11/17/2024,Cancelled
693,328,8/23/2024,Pending
694,159,9/2/2024,Pending
695,302,3/4/2025,Pending
696,206,11/10/2024,Cancelled
697,163,8/30/2024,Cancelled
698,244,1/29/2024,Pending
699,32,2/11/2025,Pending
700,134,2/23/2024,Pending
701,68,2/23/2025,Cancelled
702,218,2/22/2024,Pending
703,29,6/16/2024,Cancelled
704,304,5/22/2024,Cancelled
705,74,12/16/2024,Pending
706,10,1/24/2024,Cancelled
707,225,4/17/2024,Completed
708,356,2/4/2025,Cancelled
709,290,3/22/2025,Cancelled
710,225,2/22/2024,Cancelled
711,50,1/21/2024,Cancelled
712,84,7/6/2024,Cancelled
713,62,1/21/2025,Completed
714,314,9/14/2024,Pending
715,283,4/14/2024,Cancelled
716,152,2/9/2025,Cancelled
717,253,1/2/2024,Cancelled
718,315,3/10/2025,Completed
719,32,2/1/2025,Cancelled
720,215,5/20/2024,Cancelled
721,100,10/17/2024,Cancelled
722,192,4/22/2024,Pending
723,90,5/15/2024,Completed
724,310,7/31/2024,Pending
725,1,11/1/2024,Cancelled
726,181,3/12/2024,Pending
727,208,6/20/2024,Cancelled
728,377,3/16/2025,Completed
729,389,5/16/2024,Cancelled
730,161,9/19/2024,Pending
731,55,6/18/2024,Cancelled
732,300,6/28/2024,Completed
733,212,6/16/2024,Pending
734,128,4/26/2024,Pending
735,341,9/7/2024,Cancelled
736,337,7/4/2024,Pending
737,230,2/4/2024,Cancelled
738,242,3/27/2024,Pending
739,96,5/23/2024,Completed
740,216,5/25/2025,Cancelled
741,199,4/14/2025,Pending
742,194,7/21/2024,Cancelled
743,45,5/14/2025,Completed
744,61,10/20/2024,Cancelled
745,273,5/30/2024,Completed
746,353,7/8/2024,Cancelled
747,265,1/25/2025,Completed
748,129,2/7/2025,Pending
749,95,3/17/2025,Cancelled
750,363,9/9/2024,Pending
751,230,3/8/2025,Completed
752,179,4/18/2024,Pending
753,138,8/10/2024,Completed
754,153,5/2/2024,Pending
755,129,7/18/2024,Completed
756,116,3/13/2025,Cancelled
757,321,1/6/2025,Completed
758,352,8/10/2024,Completed
759,351,12/20/2024,Pending
760,113,7/11/2024,Cancelled
761,227,1/30/2024,Completed
762,39,1/15/2024,Cancelled
763,171,5/24/2025,Cancelled
764,78,4/22/2025,Pending
765,266,5/2/2024,Pending
766,283,6/1/2025,Cancelled
767,212,6/29/2024,Pending
768,292,1/4/2024,Completed
769,88,1/5/2025,Completed
770,146,3/23/2024,Cancelled
771,24,1/25/2024,Pending
772,266,3/28/2025,Cancelled
773,190,7/18/2024,Cancelled
774,153,1/26/2025,Pending
775,317,3/3/2025,Pending
776,398,12/26/2024,Completed
777,135,12/18/2024,Cancelled
778,330,9/13/2024,Pending
779,313,3/11/2024,Completed
780,43,3/25/2024,Pending
781,397,2/24/2025,Pending
782,169,6/2/2024,Cancelled
783,383,6/26/2024,Pending
784,146,8/23/2024,Pending
785,343,7/6/2024,Completed
786,39,5/12/2024,Completed
787,159,1/13/2024,Cancelled
788,379,4/17/2025,Completed
789,337,9/25/2024,Pending
790,206,3/14/2024,Pending
791,173,4/10/2025,Pending
792,232,2/14/2025,Cancelled
793,71,8/19/2024,Completed
794,391,1/17/2025,Pending
795,367,4/8/2024,Completed
796,264,11/17/2024,Pending
797,344,1/12/2025,Pending
798,280,2/8/2024,Completed
799,230,6/27/2024,Completed
800,63,3/19/2024,Completed
801,72,5/7/2024,Cancelled
802,175,3/3/2024,Pending
803,273,3/8/2025,Pending
804,268,7/1/2024,Completed
805,188,1/15/2025,Cancelled
806,272,5/17/2024,Completed
807,212,4/2/2024,Completed
808,228,10/28/2024,Completed
809,54,7/4/2024,Cancelled
810,17,11/18/2024,Pending
811,399,5/5/2024,Pending
812,186,4/2/2024,Pending
813,396,4/9/2025,Pending
814,390,7/27/2024,Completed
815,82,6/4/2024,Pending
816,210,2/1/2024,Cancelled
817,246,6/8/2024,Pending
818,230,3/21/2025,Completed
819,373,6/19/2024,Completed
820,162,11/5/2024,Pending
821,161,4/25/2025,Pending
822,24,8/5/2024,Completed
823,349,10/21/2024,Cancelled
824,10,4/16/2025,Cancelled
825,16,3/26/2025,Cancelled
826,103,1/27/2024,Cancelled
827,360,2/5/2025,Cancelled
828,138,4/10/2025,Pending
829,42,6/25/2024,Cancelled
830,44,4/30/2024,Pending
831,5,1/2/2024,Completed
832,65,8/14/2024,Pending
833,67,1/22/2025,Completed
834,166,6/8/2024,Completed
835,168,2/12/2025,Completed
836,350,4/7/2024,Cancelled
837,400,1/21/2025,Cancelled
838,191,4/19/2024,Completed
839,303,3/1/2025,Pending
840,365,2/19/2024,Cancelled
841,228,3/21/2025,Completed
842,313,1/22/2024,Cancelled
843,91,2/8/2025,Pending
844,319,3/1/2024,Completed
845,118,2/8/2025,Cancelled
846,265,12/23/2024,Completed
847,30,3/12/2025,Pending
848,152,12/28/2024,Cancelled
849,400,3/24/2025,Completed
850,147,11/21/2024,Pending
851,9,4/15/2025,Completed
852,226,3/28/2024,Pending
853,50,4/8/2024,Completed
854,110,5/1/2024,Completed
855,158,8/2/2024,Pending
856,278,5/28/2025,Cancelled
857,299,7/14/2024,Pending
858,167,10/30/2024,Pending
859,262,5/28/2025,Completed
860,334,3/29/2024,Cancelled
861,9,9/22/2024,Pending
862,144,12/23/2024,Cancelled
863,21,8/24/2024,Completed
864,146,7/28/2024,Cancelled
865,373,1/2/2025,Pending
866,142,9/9/2024,Pending
867,11,10/28/2024,Cancelled
868,287,4/15/2024,Completed
869,313,7/9/2024,Pending
870,309,3/1/2024,Pending
871,380,4/18/2025,Cancelled
872,93,10/28/2024,Pending
873,74,5/11/2025,Completed
874,186,1/3/2025,Pending
875,192,12/26/2024,Completed
876,346,11/15/2024,Completed
877,242,8/10/2024,Completed
878,51,5/1/2025,Cancelled
879,170,1/31/2025,Cancelled
880,23,11/3/2024,Pending
881,391,3/24/2024,Cancelled
882,215,2/26/2024,Completed
883,128,1/15/2024,Pending
884,115,2/13/2025,Completed
885,1,10/27/2024,Cancelled
886,36,1/30/2024,Completed
887,313,9/9/2024,Pending
888,136,6/23/2024,Completed
889,319,3/14/2024,Cancelled
890,309,2/20/2024,Pending
891,151,10/24/2024,Pending
892,378,9/4/2024,Cancelled
893,132,4/27/2024,Cancelled
894,215,2/14/2025,Pending
895,5,2/8/2025,Pending
896,282,7/7/2024,Completed
897,304,3/21/2024,Pending
898,19,5/2/2025,Pending
899,60,5/24/2024,Completed
900,314,6/17/2024,Pending
901,40,5/31/2024,Completed
902,395,2/19/2024,Completed
903,103,3/28/2024,Pending
904,238,4/30/2024,Pending
905,360,4/26/2025,Completed
906,105,5/28/2025,Cancelled
907,280,6/1/2024,Cancelled
908,383,4/20/2025,Pending
909,310,6/23/2024,Completed
910,224,7/26/2024,Pending
911,18,4/12/2025,Completed
912,225,2/11/2025,Cancelled
913,358,11/28/2024,Completed
914,198,1/30/2024,Cancelled
915,80,7/26/2024,Cancelled
916,191,1/31/2024,Pending
917,256,11/15/2024,Completed
918,215,7/9/2024,Cancelled
919,71,8/29/2024,Completed
920,15,3/29/2024,Cancelled
921,147,5/1/2025,Completed
922,112,7/12/2024,Cancelled
923,213,6/22/2024,Completed
924,175,5/10/2025,Completed
925,382,10/11/2024,Completed
926,285,9/29/2024,Completed
927,51,2/10/2024,Pending
928,341,2/10/2025,Completed
929,399,1/27/2025,Cancelled
930,150,5/22/2025,Pending
931,208,9/18/2024,Pending
932,254,11/7/2024,Cancelled
933,36,3/7/2024,Pending
934,387,1/12/2024,Cancelled
935,74,2/17/2025,Cancelled
936,11,1/14/2024,Pending
937,337,6/11/2024,Cancelled
938,306,10/17/2024,Cancelled
939,398,7/24/2024,Pending
940,363,7/11/2024,Cancelled
941,27,1/24/2024,Completed
942,25,1/16/2024,Cancelled
943,154,2/27/2024,Pending
944,271,7/4/2024,Cancelled
945,364,2/21/2024,Pending
946,190,10/29/2024,Completed
947,242,5/14/2025,Pending
948,400,9/15/2024,Cancelled
949,201,10/9/2024,Pending
950,77,6/16/2024,Cancelled
951,307,11/24/2024,Completed
952,91,1/13/2024,Cancelled
953,336,10/3/2024,Pending
954,318,12/30/2024,Pending
955,178,1/8/2024,Cancelled
956,172,4/23/2025,Completed
957,135,1/20/2024,Completed
958,31,3/22/2025,Completed
959,369,3/23/2024,Completed
960,255,2/16/2024,Cancelled
961,337,4/2/2025,Pending
962,167,11/18/2024,Completed
963,383,11/14/2024,Pending
964,252,3/15/2024,Cancelled
965,164,9/6/2024,Cancelled
966,58,3/6/2024,Cancelled
967,1,2/24/2025,Cancelled
968,332,3/14/2025,Completed
969,129,2/4/2025,Pending
970,324,6/27/2024,Pending
971,99,2/5/2024,Pending
972,102,1/15/2025,Pending
973,184,8/5/2024,Cancelled
974,25,4/29/2024,Completed
975,48,10/21/2024,Pending
976,346,3/19/2025,Pending
977,176,6/5/2024,Pending
978,77,5/27/2025,Cancelled
979,175,5/28/2024,Completed
980,381,5/3/2025,Completed
981,387,11/3/2024,Pending
982,196,3/13/2024,Completed
983,88,9/12/2024,Cancelled
984,46,2/12/2024,Completed
985,385,10/17/2024,Pending
986,345,5/21/2025,Pending
987,295,2/5/2024,Pending
988,294,9/21/2024,Cancelled
989,19,1/1/2025,Cancelled
990,207,5/18/2025,Cancelled
991,375,7/10/2024,Completed
992,190,1/1/2024,Cancelled
993,113,2/26/2025,Cancelled
994,271,11/26/2024,Cancelled
995,244,1/11/2025,Pending
996,208,8/4/2024,Completed
997,269,2/7/2025,Completed
998,97,6/29/2024,Completed
999,143,8/7/2024,Completed
1000,286,5/8/2024,Cancelled
1001,330,7/26/2024,Completed
1002,343,5/24/2025,Completed
1003,36,10/28/2024,Cancelled
1004,252,2/17/2024,Cancelled
1005,70,2/18/2024,Cancelled
1006,338,9/19/2024,Pending
1007,295,6/17/2024,Cancelled
1008,154,5/15/2024,Cancelled
1009,23,2/15/2025,Cancelled
1010,293,8/4/2024,Pending
1011,98,3/24/2025,Completed
1012,193,2/3/2024,Pending
1013,83,6/6/2024,Cancelled
1014,310,1/12/2024,Cancelled
1015,340,12/1/2024,Cancelled
1016,80,12/7/2024,Pending
1017,130,11/16/2024,Cancelled
1018,374,10/20/2024,Pending
1019,45,8/16/2024,Pending
1020,100,2/15/2025,Completed
1021,9,6/5/2024,Completed
1022,10,9/19/2024,Pending
1023,37,11/25/2024,Cancelled
1024,74,6/11/2024,Cancelled
1025,399,1/29/2024,Completed
1026,306,3/25/2024,Cancelled
1027,63,1/7/2025,Completed
1028,180,3/9/2025,Cancelled
1029,311,7/5/2024,Pending
1030,109,2/11/2025,Cancelled
1031,58,10/7/2024,Completed
1032,139,7/16/2024,Completed
1033,237,10/1/2024,Pending
1034,31,5/29/2024,Completed
1035,143,7/17/2024,Cancelled
1036,329,4/25/2024,Completed
1037,70,8/31/2024,Cancelled
1038,247,7/28/2024,Cancelled
1039,219,5/2/2024,Pending
1040,383,3/26/2025,Cancelled
1041,115,3/11/2024,Completed
1042,18,7/9/2024,Completed
1043,384,2/14/2025,Cancelled
1044,125,7/20/2024,Cancelled
1045,247,10/28/2024,Cancelled
1046,105,8/7/2024,Pending
1047,142,1/3/2024,Completed
1048,67,12/1/2024,Cancelled
1049,83,3/9/2025,Pending
1050,395,3/12/2024,Cancelled
1051,48,4/16/2025,Pending
1052,170,4/27/2024,Completed
1053,378,1/30/2025,Pending
1054,4,2/15/2024,Cancelled
1055,70,12/11/2024,Completed
1056,285,4/18/2025,Completed
1057,389,11/4/2024,Cancelled
1058,254,11/29/2024,Completed
1059,167,10/3/2024,Pending
1060,305,5/10/2025,Completed
1061,344,3/9/2024,Completed
1062,132,5/25/2025,Completed
1063,309,7/29/2024,Cancelled
1064,184,5/12/2024,Pending
1065,105,11/26/2024,Completed
1066,372,7/17/2024,Completed
1067,360,1/4/2024,Pending
1068,116,2/19/2025,Cancelled
1069,85,1/14/2025,Completed
1070,247,12/26/2024,Pending
1071,78,5/22/2025,Cancelled
1072,242,6/27/2024,Completed
1073,165,10/1/2024,Completed
1074,206,6/1/2024,Cancelled
1075,28,11/7/2024,Completed
1076,8,2/3/2025,Completed
1077,311,7/10/2024,Completed
1078,245,2/6/2025,Pending
1079,243,9/5/2024,Cancelled
1080,304,5/22/2024,Pending
1081,275,1/2/2025,Pending
1082,184,1/16/2025,Cancelled
1083,186,6/28/2024,Pending
1084,133,1/8/2025,Cancelled
1085,321,7/8/2024,Completed
1086,305,1/12/2024,Completed
1087,359,3/10/2025,Cancelled
1088,337,5/23/2024,Cancelled
1089,194,7/7/2024,Completed
1090,276,11/21/2024,Completed
1091,90,12/27/2024,Pending
1092,132,1/5/2025,Pending
1093,119,3/21/2025,Pending
1094,14,4/21/2025,Completed
1095,250,5/11/2025,Pending
1096,354,10/24/2024,Completed
1097,139,10/23/2024,Cancelled
1098,12,1/26/2025,Completed
1099,173,4/21/2025,Completed
1100,306,1/27/2024,Pending
1101,311,4/21/2025,Completed
1102,176,3/12/2025,Cancelled
1103,127,4/7/2024,Cancelled
1104,118,4/12/2025,Cancelled
1105,296,3/12/2024,Pending
1106,85,1/3/2025,Pending
1107,311,2/9/2025,Pending
1108,340,4/7/2025,Completed
1109,382,1/26/2024,Pending
1110,133,7/6/2024,Cancelled
1111,360,12/31/2024,Cancelled
1112,354,2/12/2025,Completed
1113,319,6/3/2024,Pending
1114,198,7/20/2024,Pending
1115,256,3/11/2024,Cancelled
1116,355,2/20/2024,Completed
1117,141,4/3/2025,Cancelled
1118,323,5/28/2025,Pending
1119,11,2/20/2024,Completed
1120,367,7/25/2024,Pending
1121,290,8/1/2024,Pending
1122,149,5/21/2024,Completed
1123,322,5/31/2024,Completed
1124,271,2/20/2025,Pending
1125,146,3/27/2024,Cancelled
1126,240,4/5/2025,Cancelled
1127,188,3/8/2025,Pending
1128,105,3/9/2024,Completed
1129,385,2/17/2024,Cancelled
1130,45,3/21/2025,Pending
1131,365,2/10/2024,Pending
1132,238,6/8/2024,Pending
1133,350,5/6/2024,Pending
1134,343,2/3/2024,Completed
1135,290,7/19/2024,Cancelled
1136,220,7/17/2024,Pending
1137,175,4/2/2025,Cancelled
1138,198,11/19/2024,Cancelled
1139,247,12/1/2024,Cancelled
1140,336,11/2/2024,Pending
1141,37,1/15/2024,Cancelled
1142,39,9/5/2024,Cancelled
1143,157,3/28/2024,Cancelled
1144,391,7/27/2024,Completed
1145,373,3/10/2025,Completed
1146,269,2/24/2025,Pending
1147,65,2/17/2024,Completed
1148,33,8/11/2024,Pending
1149,53,9/29/2024,Pending
1150,118,1/5/2025,Cancelled
1151,15,1/4/2024,Completed
1152,313,1/28/2024,Pending
1153,310,3/10/2024,Cancelled
1154,139,1/23/2025,Cancelled
1155,215,1/11/2025,Completed
1156,361,4/17/2024,Pending
1157,288,11/1/2024,Pending
1158,393,3/6/2025,Completed
1159,283,9/11/2024,Cancelled
1160,388,5/28/2024,Completed
1161,253,8/1/2024,Cancelled
1162,327,12/12/2024,Pending
1163,191,11/18/2024,Pending
1164,75,1/6/2025,Cancelled
1165,370,5/22/2025,Pending
1166,330,3/15/2025,Completed
1167,223,4/3/2025,Completed
1168,283,11/6/2024,Completed
1169,47,1/16/2024,Pending
1170,153,7/14/2024,Pending
1171,284,5/15/2024,Pending
1172,1,7/5/2024,Completed
1173,86,8/15/2024,Completed
1174,327,5/24/2025,Completed
1175,394,2/5/2025,Cancelled
1176,335,6/6/2024,Pending
1177,192,10/17/2024,Pending
1178,196,4/16/2025,Completed
1179,364,8/27/2024,Completed
1180,64,9/25/2024,Completed
1181,293,6/8/2024,Completed
1182,347,4/22/2024,Pending
1183,361,7/17/2024,Completed
1184,93,6/2/2024,Cancelled
1185,76,12/31/2024,Pending
1186,354,10/21/2024,Cancelled
1187,249,4/21/2025,Cancelled
1188,231,7/2/2024,Pending
1189,265,3/1/2025,Pending
1190,395,6/8/2024,Pending
1191,300,8/7/2024,Cancelled
1192,217,10/13/2024,Completed
1193,380,2/22/2025,Completed
1194,313,5/22/2025,Cancelled
1195,379,9/4/2024,Pending
1196,66,5/17/2024,Cancelled
1197,227,5/20/2024,Cancelled
1198,1,9/13/2024,Pending
1199,46,11/1/2024,Completed
1200,12,2/3/2025,Cancelled
